Date,Open,High,Low,Close,Volume
1/4/2021 16:00:00,155.81,155.81,152.02,153.29,315661
1/5/2021 16:00:00,151.91,153.4,151.75,153.4,231776
1/6/2021 16:00:00,152.71,154.17,152.48,153.53,296179
1/7/2021 16:00:00,151.66,152.7,151.51,152.67,345057
1/8/2021 16:00:00,153.6,154.06,152.11,152.85,418079
1/11/2021 16:00:00,153.2,154.21,151.82,153.39,335997
1/12/2021 16:00:00,152.08,152.08,150.65,151.75,618796
1/13/2021 16:00:00,150.88,151,150.03,150.65,387471
1/14/2021 16:00:00,151.48,152.27,151.23,151.34,314908
1/15/2021 16:00:00,148.66,149.15,147.39,148.41,390758
1/19/2021 16:00:00,148.45,148.74,147.45,148.13,368790
1/20/2021 16:00:00,148.73,150.04,148.16,149.98,255954
1/21/2021 16:00:00,151.23,152.71,150.4,151.34,469658
1/22/2021 16:00:00,148.2,148.59,147.61,147.95,393548
1/25/2021 16:00:00,147.95,147.95,145.25,146.72,369554
1/26/2021 16:00:00,146,146.51,145.55,145.98,285786
1/27/2021 16:00:00,144.69,144.9,142.24,142.64,407492
1/28/2021 16:00:00,142.82,143.99,142.35,143.3,275051
1/29/2021 16:00:00,142.19,142.19,140.04,140.52,342940
2/1/2021 16:00:00,140.16,140.73,139.29,140.41,362856
2/2/2021 16:00:00,142.66,143.37,141.72,143.12,447858
2/3/2021 16:00:00,147.31,148.56,146.85,148.07,462248
2/4/2021 16:00:00,148.21,148.88,147.5,148.02,250840
2/5/2021 16:00:00,149.97,151.18,149.26,150.86,329913
2/8/2021 16:00:00,152.29,152.97,152.18,152.93,309620
2/9/2021 16:00:00,153.43,154.41,152.86,154,327052
2/10/2021 16:00:00,156,163.37,155.61,161.56,1415473
2/11/2021 16:00:00,162.59,162.59,158.25,158.94,466621
2/12/2021 16:00:00,159.66,161.31,159.66,160.49,417998
2/16/2021 16:00:00,158.7,159.26,156.17,156.48,468484
2/17/2021 16:00:00,156.21,156.79,155.37,156.53,279562
2/18/2021 16:00:00,153.14,153.79,152.29,153.45,490776
2/19/2021 16:00:00,153.71,154.21,153.15,153.55,231846
2/22/2021 16:00:00,153.55,153.92,152.13,152.44,291292
2/23/2021 16:00:00,151.5,153.19,149.84,152.73,304232
2/24/2021 16:00:00,150.99,152.92,150.73,152.45,419328
2/25/2021 16:00:00,152.27,152.27,148.48,149.26,446305
2/26/2021 16:00:00,150.12,150.33,146.8,147.93,592918
3/1/2021 16:00:00,149.21,149.97,148.45,149.34,348137
3/2/2021 16:00:00,149.54,150.18,148.76,149.21,337112
3/3/2021 16:00:00,150,150.19,148.68,148.83,377928
3/4/2021 16:00:00,148.64,149.28,145.55,146.85,353355
3/5/2021 16:00:00,148.05,148.97,145.95,148.52,313778
3/8/2021 16:00:00,148.57,150.4,147.99,148.23,474544
3/9/2021 16:00:00,150.86,152.45,150.56,151.54,349706
3/10/2021 16:00:00,151.07,152.17,150.25,151.88,472050
3/11/2021 16:00:00,150.15,151.29,149,150.36,498414
3/12/2021 16:00:00,149.77,150.71,149.57,150.53,295457
3/15/2021 16:00:00,153,153.66,152.26,152.9,397694
3/16/2021 16:00:00,152,152.67,151.68,152.1,284846
3/17/2021 16:00:00,152.75,154.19,152.07,153.64,319137
3/18/2021 16:00:00,157.43,159.55,157,157.71,824552
3/19/2021 16:00:00,158.71,158.87,157.11,158.58,425116
3/22/2021 16:00:00,155.2,155.2,154.19,154.48,451109
3/23/2021 16:00:00,153.05,153.09,151.1,151.34,386895
3/24/2021 16:00:00,150.99,151.38,150.4,150.67,344301
3/25/2021 16:00:00,150,151.26,149.12,151.07,273943
3/26/2021 16:00:00,153,153.41,152.09,153.37,312223
3/29/2021 16:00:00,154,155.3,153.53,154.9,317160
3/30/2021 16:00:00,153.63,154.64,153.38,153.87,475959
3/31/2021 16:00:00,156.22,156.47,155.81,156.06,289263
4/1/2021 16:00:00,153.6,154.23,153.04,154.16,274499
4/5/2021 16:00:00,154.16,155.84,153.78,155.38,300632
4/6/2021 16:00:00,153.1,154.29,153.04,153.65,400571
4/7/2021 16:00:00,154.84,155.74,154.55,154.7,216467
4/8/2021 16:00:00,154.35,154.7,152.89,153.38,233738
4/9/2021 16:00:00,154.06,154.45,153.51,154.28,181586
4/12/2021 16:00:00,154.91,154.91,153.9,154.09,246349
4/13/2021 16:00:00,155,155.79,154.32,155.77,220299
4/14/2021 16:00:00,156.25,156.88,155.87,156.22,172996
4/15/2021 16:00:00,156.98,157.43,156.5,157.31,179184
4/16/2021 16:00:00,157.8,157.9,157.1,157.57,162723
4/19/2021 16:00:00,157.96,157.98,155.93,156.41,242376
4/20/2021 16:00:00,154.74,154.81,152.9,154.1,317878
4/21/2021 16:00:00,153.5,155.58,153.5,155.14,322370
4/22/2021 16:00:00,155.5,155.58,154.41,154.78,227426
4/23/2021 16:00:00,153.99,155.59,153.92,154.99,233705
4/26/2021 16:00:00,154.31,154.31,153.49,153.54,249758
4/27/2021 16:00:00,152.59,153.17,152.27,152.81,490430
4/28/2021 16:00:00,153.2,153.81,152.83,153.26,236243
4/29/2021 16:00:00,153.5,153.77,151.69,152.43,377613
4/30/2021 16:00:00,150.09,151.6,149.9,150.77,394014
5/3/2021 16:00:00,151.48,152.76,151.34,152.23,230950
5/4/2021 16:00:00,151.51,151.63,150.25,150.59,266757
5/5/2021 16:00:00,152.09,152.29,151.11,151.42,169355
5/6/2021 16:00:00,153.24,153.3,151.87,152.96,194242
5/7/2021 16:00:00,153.34,153.72,153.04,153.65,162495
5/10/2021 16:00:00,155.33,155.72,154.71,155.06,264146
5/11/2021 16:00:00,152.65,152.65,151.16,152.24,431262
5/12/2021 16:00:00,155.5,155.67,153.15,153.52,627588
5/13/2021 16:00:00,153.86,155.39,153.12,155.23,342934
5/14/2021 16:00:00,156,156.5,155.66,155.85,315551
5/17/2021 16:00:00,157.7,159,157.43,158.68,436227
5/18/2021 16:00:00,160.46,161.91,160.32,160.66,322577
5/19/2021 16:00:00,158.63,159.55,158.12,159.29,250192
5/20/2021 16:00:00,159.32,160.58,159.21,160.22,209609
5/21/2021 16:00:00,161,161.31,160.39,161.16,211200
5/24/2021 16:00:00,162.18,162.98,162.14,162.78,236431
5/25/2021 16:00:00,163,163.8,161.63,162.24,199644
5/26/2021 16:00:00,162.83,164.42,162.78,164.02,231951
5/27/2021 16:00:00,165,166.47,164.91,165.55,248648
5/28/2021 16:00:00,166.29,166.78,165.71,165.98,160049
6/1/2021 16:00:00,171.47,172.75,171.03,172.34,596568
6/2/2021 16:00:00,175.75,176.84,175.49,176.63,630391
6/3/2021 16:00:00,177.3,180.12,177.03,179.67,478773
6/4/2021 16:00:00,181.68,182.66,181.01,182.41,386890
6/7/2021 16:00:00,182.03,182.25,180.11,180.8,384408
6/8/2021 16:00:00,180.91,181,179.39,179.61,307131
6/9/2021 16:00:00,180.03,180.8,179.87,180.54,207474
6/10/2021 16:00:00,180.59,180.76,179.82,180.18,194494
6/11/2021 16:00:00,180.74,181.47,180.51,181.47,164567
6/14/2021 16:00:00,181,181,179.48,180.59,189948
6/15/2021 16:00:00,182.5,182.78,181.68,182.45,180935
6/16/2021 16:00:00,183.93,184.88,183.1,183.84,326164
6/17/2021 16:00:00,185,185.38,184,185.2,277369
6/18/2021 16:00:00,177.89,178.38,176.31,177.03,735008
6/21/2021 16:00:00,177,179.41,176.5,178.88,284444
6/22/2021 16:00:00,180.06,180.06,178.83,179.39,237921
6/23/2021 16:00:00,176.37,178.25,176.14,177.71,611533
6/24/2021 16:00:00,178.38,178.38,177.55,177.67,164822
6/25/2021 16:00:00,177.99,178.8,177.79,178.1,156089
6/28/2021 16:00:00,177.65,177.8,176.76,177.07,209164
6/29/2021 16:00:00,176.4,177.37,176.4,176.73,166960
6/30/2021 16:00:00,175.48,176.25,174.62,174.84,313217
7/1/2021 16:00:00,174.71,175.58,174.35,175.48,181616
7/2/2021 16:00:00,176.39,176.84,175.84,176.03,210326
7/6/2021 16:00:00,176.07,176.47,173.4,174.93,288134
7/7/2021 16:00:00,175.77,175.87,174.57,175.65,128254
7/8/2021 16:00:00,173.17,174.63,173.05,174.23,189458
7/9/2021 16:00:00,177.66,178.73,177.65,177.79,320747
7/12/2021 16:00:00,177.79,179.41,177.04,178.9,176030
7/13/2021 16:00:00,178.99,179.46,178.34,179.18,281948
7/14/2021 16:00:00,180.37,180.99,179.56,180,230670
7/15/2021 16:00:00,178.71,179.33,178.26,178.93,177845
7/16/2021 16:00:00,179.28,179.28,177.38,178.13,195761
7/19/2021 16:00:00,176.68,176.99,174.03,176.3,261143
7/20/2021 16:00:00,176.14,178.37,175.79,178.12,151991
7/21/2021 16:00:00,178.18,179.93,178.18,179.68,183208
7/22/2021 16:00:00,179.99,180.19,177.94,177.99,321205
7/23/2021 16:00:00,179.14,180.44,178.66,179.85,195868
7/26/2021 16:00:00,179.23,179.78,178.84,179.5,155669
7/27/2021 16:00:00,179.06,179.06,177.71,178.44,152679
7/28/2021 16:00:00,178.44,180.24,178.29,179.87,143560
7/29/2021 16:00:00,180.84,181.86,180.49,181.42,157370
7/30/2021 16:00:00,180.61,181.08,179.57,179.84,147223
8/2/2021 16:00:00,182,182.75,181.14,181.88,167578
8/3/2021 16:00:00,183.52,185.99,183.06,185.95,247020
8/4/2021 16:00:00,182.7,183.75,181.22,182.18,194571
8/5/2021 16:00:00,182.52,183.48,182.09,182.86,128883
8/6/2021 16:00:00,181.14,181.51,180.04,180.72,183434
8/9/2021 16:00:00,181.12,181.41,180.25,180.57,163329
8/10/2021 16:00:00,179.55,180.12,178.24,179.9,220382
8/11/2021 16:00:00,181.14,181.47,180.4,181.38,133389
8/12/2021 16:00:00,181.01,181.11,180.2,180.94,105567
8/13/2021 16:00:00,181.23,181.37,180.8,181.34,93107
8/16/2021 16:00:00,179.57,180.69,177.81,180.6,129820
8/17/2021 16:00:00,179.55,179.55,177.56,178.17,213939
8/18/2021 16:00:00,177.5,177.98,175.53,175.73,227310
8/19/2021 16:00:00,170.15,171.41,167.75,168.55,650591
8/20/2021 16:00:00,165.68,165.75,163.91,164.66,448104
8/23/2021 16:00:00,166.87,168.97,166.28,168.74,329944
8/24/2021 16:00:00,169.8,171.58,169.58,171.02,308156
8/25/2021 16:00:00,172.4,174.11,172.08,173.75,263350
8/26/2021 16:00:00,173.52,173.78,171.09,171.59,175370
8/27/2021 16:00:00,172.04,173.95,171.95,173.88,140322
8/30/2021 16:00:00,173.73,173.73,172.48,172.86,134458
8/31/2021 16:00:00,173.61,175.01,173.61,174.23,184378
9/1/2021 16:00:00,175.05,176.97,175.02,176.21,204091
9/2/2021 16:00:00,176.31,176.86,175.47,176.24,198914
9/3/2021 16:00:00,177.43,179.28,176.83,179.27,279465
9/7/2021 16:00:00,181,181.74,180.66,181.64,224324
9/8/2021 16:00:00,181.5,181.5,179.18,180,219881
9/9/2021 16:00:00,179.54,180.94,179.54,180.07,173368
9/10/2021 16:00:00,180.03,180.4,176.12,176.3,278253
9/13/2021 16:00:00,177.47,178.57,177.28,178.46,173803
9/14/2021 16:00:00,180.22,180.88,178.66,179.39,175879
9/15/2021 16:00:00,179.93,181.89,179.84,181.71,257944
9/16/2021 16:00:00,181.07,182.31,180.51,181.94,161585
9/17/2021 16:00:00,181.51,181.75,180.56,180.95,155106
9/20/2021 16:00:00,178.67,178.67,175.05,176.71,363482
9/21/2021 16:00:00,180.4,182.42,180.31,181.9,295574
9/22/2021 16:00:00,181.7,182.89,180.75,181.59,248604
9/23/2021 16:00:00,181.92,182.99,181.53,182.79,206222
9/24/2021 16:00:00,182.68,183.23,182,182.57,128669
9/27/2021 16:00:00,185.08,186.86,185.01,186.52,221680
9/28/2021 16:00:00,186.09,186.4,184.15,184.85,197707
9/29/2021 16:00:00,185.13,187.45,183.78,185.45,238637
9/30/2021 16:00:00,180.68,181.54,177.75,177.75,403393
10/1/2021 16:00:00,178.11,178.26,176.42,177.62,241884
10/4/2021 16:00:00,175.16,175.54,171.17,171.81,381726
10/5/2021 16:00:00,171.9,172.94,171.1,172.14,184904
10/6/2021 16:00:00,166.54,167.47,165.33,166.97,462649
10/7/2021 16:00:00,169.1,170,168.55,169.47,212844
10/8/2021 16:00:00,171.41,172.46,171.18,171.97,153400
10/11/2021 16:00:00,175.38,176.85,174.87,175.15,209061
10/12/2021 16:00:00,176.87,177.57,175.69,177.13,250758
10/13/2021 16:00:00,175.95,176.49,174.66,175.77,325571
10/14/2021 16:00:00,174.6,175.59,174.48,175.51,157810
10/15/2021 16:00:00,175.51,176.45,174.79,176.27,203797
10/18/2021 16:00:00,178,179,177.78,178.55,207297
10/19/2021 16:00:00,178.81,178.85,178.09,178.67,197830
10/20/2021 16:00:00,178.67,178.67,177.02,177.75,160995
10/21/2021 16:00:00,174,175.2,173.8,174.02,218753
10/22/2021 16:00:00,175,175.34,172.78,173.4,206710
10/25/2021 16:00:00,172.81,172.81,171.88,172.23,247097
10/26/2021 16:00:00,173.63,174.79,172.81,173.2,145599
10/27/2021 16:00:00,174.81,175.29,174.01,174.09,205551
10/28/2021 16:00:00,175.29,176.48,175.29,176.48,181415
10/29/2021 16:00:00,176.2,176.69,175.62,176.57,164979
11/1/2021 16:00:00,178.13,179.98,178.13,179.98,219128
11/2/2021 16:00:00,180,180,177.74,179.61,166516
11/3/2021 16:00:00,179.9,181.36,179.19,181.07,163023
11/4/2021 16:00:00,182,182.84,180.6,181.48,171347
11/5/2021 16:00:00,180.91,181.18,178.5,179.28,176536
11/8/2021 16:00:00,179.52,180.56,179.15,180.48,204355
11/9/2021 16:00:00,178.25,178.5,175.64,176.32,222484
11/10/2021 16:00:00,177.45,179.29,176.72,177.36,202987
11/11/2021 16:00:00,178.47,179.33,178.19,179.03,122655
11/12/2021 16:00:00,181.9,184.75,181.5,184.4,291149
11/15/2021 16:00:00,185.02,185.46,184.34,184.39,177072
11/16/2021 16:00:00,187,188.18,186.9,187.43,228668
11/17/2021 16:00:00,186,186.54,184.73,186.21,204316
11/18/2021 16:00:00,186.15,186.15,183.86,184.65,271808
11/19/2021 16:00:00,185.36,186.3,185.26,185.96,197419
11/22/2021 16:00:00,186.12,186.44,184.56,185.09,264220
11/23/2021 16:00:00,185.09,185.58,184.18,185.06,183157
11/24/2021 16:00:00,184.9,185.12,183.51,184.81,255467
11/26/2021 13:00:00,180.74,181.15,178.79,179.83,171374
11/29/2021 16:00:00,178.71,179.03,177.02,177.47,222099
11/30/2021 16:00:00,178.03,178.33,175.67,177.85,331260
12/1/2021 16:00:00,180.8,182.78,178.25,178.29,246719
12/2/2021 16:00:00,179.66,183.62,179.42,183.16,238246
12/3/2021 16:00:00,183.68,184.4,181.45,182.46,193967
12/6/2021 16:00:00,183.25,185.01,182.39,184.59,189631
12/7/2021 16:00:00,186.52,187.9,185.9,187.44,245085
12/8/2021 16:00:00,183.45,183.5,181.81,182.48,265535
12/9/2021 16:00:00,181,181.22,180,180.77,186586
12/10/2021 16:00:00,182.04,182.35,180.59,182.35,125531
12/13/2021 16:00:00,177.17,177.52,175.67,176.12,583773
12/14/2021 16:00:00,181,182.41,179.22,180.78,440491
12/15/2021 16:00:00,185.51,187,184.37,186.75,479134
12/16/2021 16:00:00,187.87,188.95,187.14,187.34,384500
12/17/2021 16:00:00,185.59,185.74,183.9,184.04,382609
12/20/2021 16:00:00,181.56,182.19,180.11,181.95,251538
12/21/2021 16:00:00,182.8,183.73,182.09,182.82,180088
12/22/2021 16:00:00,180.06,181.55,180.06,181.36,165857
12/23/2021 16:00:00,183.08,184.31,182.91,183.78,167889
12/27/2021 16:00:00,184.01,186.28,184.01,185.9,197052
12/28/2021 16:00:00,185.91,186.37,184.64,184.75,113648
12/29/2021 16:00:00,184.26,184.6,182.85,183.68,117855
12/30/2021 16:00:00,184.27,184.73,183.71,184.08,123177
12/31/2021 16:00:00,184.45,186.15,184.34,185.3,189931
1/3/2022 16:00:00,186.81,187.46,185.16,186.29,353619
1/4/2022 16:00:00,193.08,201.43,192.32,199.19,1057316
1/5/2022 16:00:00,199.8,201.34,196.85,196.95,555709
1/6/2022 16:00:00,200.63,200.8,196.18,199.75,422752
1/7/2022 16:00:00,200.68,201.99,198.72,200.44,371098
1/10/2022 16:00:00,200.98,201.14,197.67,200.35,379983
1/11/2022 16:00:00,201.3,201.97,199.55,201.9,255528
1/12/2022 16:00:00,205,207.66,204.65,206.61,511414
1/13/2022 16:00:00,211,213.74,210.37,211.37,546959
1/14/2022 16:00:00,210.65,211.24,209.16,210.69,267661
1/18/2022 16:00:00,209.1,209.49,207.19,207.47,379649
1/19/2022 16:00:00,206.61,206.7,202.1,202.42,562224
1/20/2022 16:00:00,203.57,204.81,201.23,201.47,282956
1/21/2022 16:00:00,199.18,200.95,198.56,199.77,363691
1/24/2022 16:00:00,195.4,197.91,192.94,197.7,546600
1/25/2022 16:00:00,195,198.77,192.68,197.01,433115
1/26/2022 16:00:00,198.48,198.52,192.83,194.17,537266
1/27/2022 16:00:00,192.47,193.54,189.29,189.96,336917
1/28/2022 16:00:00,192,193.36,188.2,193.13,274674
1/31/2022 16:00:00,196,198.72,194.92,198.45,418816
2/1/2022 16:00:00,195.25,196.73,194.7,196.43,333851
2/2/2022 16:00:00,198.94,199.93,197.87,199.66,243681
2/3/2022 16:00:00,199.98,201.46,199.24,199.53,299111
2/4/2022 16:00:00,198.06,198.24,194.77,196.88,267494
2/7/2022 16:00:00,198.15,198.41,196.53,197.24,177994
2/8/2022 16:00:00,200,200.73,198.01,200.32,288557
2/9/2022 16:00:00,202.12,203.95,200.39,201.37,342545
2/10/2022 16:00:00,195,197.3,194.25,194.41,421090
2/11/2022 16:00:00,194.45,196.2,191.91,192.71,230027
2/14/2022 16:00:00,190,190.5,187.83,188.97,259562
2/15/2022 16:00:00,189.24,190.06,188.44,189.4,227517
2/16/2022 16:00:00,190.11,190.9,189.21,190.3,206995
2/17/2022 16:00:00,188,188.53,186.13,186.54,192221
2/18/2022 16:00:00,188.87,189.29,187.51,188.97,183083
2/22/2022 16:00:00,187.04,187.47,184.4,185.64,202376
2/23/2022 16:00:00,187.73,188.59,183.67,183.84,242279
2/24/2022 16:00:00,177.02,182.55,176.68,182.23,363111
2/25/2022 16:00:00,183.9,185.73,183.26,185.38,228292
2/28/2022 16:00:00,184.47,184.88,181.65,182.95,321990
3/1/2022 16:00:00,183.83,185.1,180.85,181.71,305553
3/2/2022 16:00:00,177.07,179.76,177.07,179.15,342094
3/3/2022 16:00:00,178.22,178.48,174.82,176.09,289506
3/4/2022 16:00:00,170.84,171.08,169.09,170.75,335308
3/7/2022 16:00:00,163.76,164.62,160,160.17,569780
3/8/2022 16:00:00,159.01,159.99,155.05,156.34,739550
3/9/2022 16:00:00,164.21,165.63,162.8,164.05,438832
3/10/2022 16:00:00,165.38,165.38,162.52,164.43,392732
3/11/2022 16:00:00,160.74,161.62,158.17,158.27,356034
3/14/2022 16:00:00,162.5,163.35,160.61,161.09,389528
3/15/2022 16:00:00,165.2,166.32,164.26,165.93,388180
3/16/2022 16:00:00,169.88,171.99,168.77,171.89,384402
3/17/2022 16:00:00,170.05,172.14,168.52,171.74,300287
3/18/2022 16:00:00,170.97,171.74,169.89,171.7,178983
3/21/2022 16:00:00,171.9,172.96,171.22,171.8,233458
3/22/2022 16:00:00,171.8,173.69,171.36,172.82,229078
3/23/2022 16:00:00,176.98,178.61,175.78,175.78,419465
3/24/2022 16:00:00,180.08,180.53,178.76,180.27,299896
3/25/2022 16:00:00,179.87,180.4,177.62,178.43,231890
3/28/2022 16:00:00,178.27,179.2,177.13,177.85,240078
3/29/2022 16:00:00,183.74,186,183.74,184.81,393653
3/30/2022 16:00:00,182.25,182.71,180.1,180.62,179504
3/31/2022 16:00:00,181.82,182.34,180.24,180.25,230394
4/1/2022 16:00:00,180.31,180.94,178.73,180.37,148546
4/4/2022 16:00:00,181,183.13,180.41,182.58,261234
4/5/2022 16:00:00,181.5,181.67,177.5,177.66,242445
4/6/2022 16:00:00,176.3,177.69,175.51,176.52,227753
4/7/2022 16:00:00,174.51,175.55,172.77,174.49,257516
4/8/2022 16:00:00,170,172.03,169.58,170.78,366450
4/11/2022 16:00:00,169.74,171.46,168.8,169.64,313481
4/12/2022 16:00:00,166.92,168.12,165.13,165.73,452295
4/13/2022 16:00:00,166.81,168.84,166.81,168.44,264455
4/14/2022 16:00:00,169.3,170.5,167.11,167.26,196374
4/18/2022 16:00:00,169.48,170.89,169.3,170.27,281395
4/19/2022 16:00:00,170,171.65,169.71,171.45,195399
4/20/2022 16:00:00,175.69,176.88,174.97,175.45,253634
4/21/2022 16:00:00,177.09,177.43,173.52,173.67,189501
4/22/2022 16:00:00,172.47,172.58,169.35,169.53,185664
4/25/2022 16:00:00,169.98,172.25,169.48,172.16,185799
4/26/2022 16:00:00,169.56,170.63,166.82,166.82,293269
4/27/2022 16:00:00,167.5,169.9,167.5,168.04,204318
4/28/2022 16:00:00,170.65,173.82,169.18,172.97,298324
4/29/2022 16:00:00,172.89,174.72,170.77,171,139174
5/2/2022 16:00:00,170.37,171,168.34,170.69,178566
5/3/2022 16:00:00,170.7,172.74,170.7,172.06,163584
5/4/2022 16:00:00,172.02,175.14,170.7,174.85,204804
5/5/2022 16:00:00,173.48,173.83,168.9,169.93,331722
5/6/2022 16:00:00,173.08,174.31,171.46,173.3,293461
5/9/2022 16:00:00,170.49,171.4,168.25,168.47,366347
5/10/2022 16:00:00,168.85,169.7,165.21,166.45,317375
5/11/2022 16:00:00,161.45,162.27,157.05,157.06,464446
5/12/2022 16:00:00,157.2,159.7,156.96,158.54,517146
5/13/2022 16:00:00,159.95,162.13,159.63,161.33,246224
5/16/2022 16:00:00,159.43,160.02,157.95,159.21,201539
5/17/2022 16:00:00,159.13,160.22,158.92,159.98,273494
5/18/2022 16:00:00,158.44,158.76,155.27,155.48,342006
5/19/2022 16:00:00,155.26,157.12,155.25,155.89,492723
5/20/2022 16:00:00,159.19,160.03,156.18,158.66,422603
5/23/2022 16:00:00,160.57,162.27,160.28,161.35,250076
5/24/2022 16:00:00,160.44,161.13,159.68,160.6,221650
5/25/2022 16:00:00,159.65,161.88,159.65,161.03,255987
5/26/2022 16:00:00,164,166.1,163.7,165.53,233319
5/27/2022 16:00:00,165.42,166.87,165.24,166.83,229413
5/31/2022 16:00:00,167.21,167.21,165.5,166.37,253408
6/1/2022 16:00:00,169.67,169.87,167.47,168.7,194141
6/2/2022 16:00:00,169.16,170.37,168.17,170.24,148317
6/3/2022 16:00:00,166.12,166.12,164.11,164.81,261836
6/6/2022 16:00:00,167.28,167.41,165.32,165.58,157614
6/7/2022 16:00:00,164.81,166.42,164.68,166.25,192024
6/8/2022 16:00:00,166.45,166.68,164.99,165.35,179588
6/9/2022 16:00:00,166.03,166.99,164.51,164.51,126879
6/10/2022 16:00:00,162.5,162.96,161.29,161.3,241620
6/13/2022 16:00:00,157.6,157.74,155.14,155.5,339474
6/14/2022 16:00:00,155.5,156.18,154.13,155.16,265939
6/15/2022 16:00:00,155.09,157.43,154.31,156.75,210977
6/16/2022 16:00:00,156.44,156.7,153.52,154.46,461556
6/17/2022 16:00:00,154.15,154.44,152.39,153.95,397944
6/21/2022 16:00:00,158.16,159.63,157.32,159.09,319704
6/22/2022 16:00:00,156.93,160,156.93,159.14,166724
6/23/2022 16:00:00,157.85,158.61,156.28,157.52,176348
6/24/2022 16:00:00,157.88,159.08,157.3,159.08,178797
6/27/2022 16:00:00,157.69,157.94,156.35,156.53,207999
6/28/2022 16:00:00,159.26,160.82,157.02,157.11,225728
6/29/2022 16:00:00,156.4,156.43,155.22,155.67,108300
6/30/2022 16:00:00,153.66,154.63,152.4,154.17,147296
7/1/2022 16:00:00,152.89,155.59,152.82,155.47,178273
7/5/2022 16:00:00,153.15,154.71,152.6,154.67,208561
7/6/2022 16:00:00,153.61,153.61,152.14,152.83,223528
7/7/2022 16:00:00,155.11,157.17,155.02,157.15,241763
7/8/2022 16:00:00,156.42,157.33,156.2,156.76,159136
7/11/2022 16:00:00,156.6,156.62,155.03,155.17,159743
7/12/2022 16:00:00,154.66,156.45,154.53,155.43,179420
7/13/2022 16:00:00,154.05,155.97,153.91,155.44,120436
7/14/2022 16:00:00,154.42,154.42,152.18,153.14,248563
7/15/2022 16:00:00,155.69,156.85,154.93,156.7,204339
7/18/2022 16:00:00,157,158.13,156.38,156.75,228042
7/19/2022 16:00:00,159.17,160.54,158.75,160.42,321440
7/20/2022 16:00:00,159.6,159.68,157.4,157.9,255098
7/21/2022 16:00:00,158.53,159.42,158.09,159.18,199242
7/22/2022 16:00:00,160.59,161.17,159.72,160.3,133392
7/25/2022 16:00:00,160.05,160.05,158.88,159.42,111667
7/26/2022 16:00:00,158.81,159.07,157.93,158.06,154507
7/27/2022 16:00:00,158.93,160.4,158,160.05,129326
7/28/2022 16:00:00,158.7,159.8,157.7,159.51,176719
7/29/2022 16:00:00,159.95,162.78,159.34,162.59,293716
8/1/2022 16:00:00,165.58,167.04,165.58,166.77,248671
8/2/2022 16:00:00,164.3,165.2,163.52,163.66,215906
8/3/2022 16:00:00,162.84,163.88,161.25,163.13,190939
8/4/2022 16:00:00,157.25,158.19,156.63,156.66,398509
8/5/2022 16:00:00,157.61,158.02,156.25,157.31,233253
8/8/2022 16:00:00,157,157.29,156.04,156.2,259938
8/9/2022 16:00:00,155,156,152.46,152.94,289163
8/10/2022 16:00:00,156,158.35,155.17,157.89,243116
8/11/2022 16:00:00,158.88,159.73,158.28,158.6,124556
8/12/2022 16:00:00,160.05,161.61,159.24,161.31,203720
8/15/2022 16:00:00,160.9,160.9,159.42,160.46,142386
8/16/2022 16:00:00,159.3,159.93,158.58,159.42,191545
8/17/2022 16:00:00,160.08,161.68,159.81,160.77,148133
8/18/2022 16:00:00,159.48,159.77,158.78,159.13,163409
8/19/2022 16:00:00,157.67,157.97,156.12,156.46,184333
8/22/2022 16:00:00,155.6,155.95,153.95,154.32,206018
8/23/2022 16:00:00,153.74,155.28,153.48,153.48,185602
8/24/2022 16:00:00,153.4,155.15,153.21,154.5,220615
8/25/2022 16:00:00,155,156,154.53,156,112884
8/26/2022 16:00:00,155.15,155.5,151.73,151.77,207526
8/29/2022 16:00:00,151.22,152.48,151.2,151.77,173840
8/30/2022 16:00:00,152.65,152.77,149.55,150.17,290758
8/31/2022 16:00:00,150.55,151.04,149.32,149.37,293438
9/1/2022 16:00:00,147.61,147.87,145.61,146.8,268599
9/2/2022 16:00:00,147.55,147.87,145.08,145.56,189666
9/6/2022 16:00:00,145,145.33,143.28,143.94,232272
9/7/2022 16:00:00,141.99,143.51,140.96,143.34,311232
9/8/2022 16:00:00,142.61,144.26,142.47,144.13,264479
9/9/2022 16:00:00,146.03,146.03,145.2,145.59,159385
9/12/2022 16:00:00,144.66,145.89,144.66,145.04,228666
9/13/2022 16:00:00,142.49,142.95,140.2,140.23,265736
9/14/2022 16:00:00,141.54,142.71,140.82,141.47,199519
9/15/2022 16:00:00,141.16,142.36,140.24,140.45,239892
9/16/2022 16:00:00,140.32,141.26,140.19,140.74,212479
9/19/2022 16:00:00,140.12,141.68,140,141.45,238482
9/20/2022 16:00:00,141.6,142.15,140.2,140.73,276914
9/21/2022 16:00:00,139.5,140,137.57,137.58,238254
9/22/2022 16:00:00,140.72,141.5,138.12,139.05,388351
9/23/2022 16:00:00,137.6,137.61,135.84,137.28,475738
9/26/2022 16:00:00,136.13,137.41,135.1,135.62,265804
9/27/2022 16:00:00,136.89,137.23,134.84,135.74,303405
9/28/2022 16:00:00,134.76,137.44,134.35,136.89,213092
9/29/2022 16:00:00,135.11,135.15,132.54,133.76,421077
9/30/2022 16:00:00,134.21,134.43,130.07,130.29,424944
10/3/2022 16:00:00,134.15,136.2,133.8,135.59,368819
10/4/2022 16:00:00,138.35,140.18,138.27,139.85,325460
10/5/2022 16:00:00,137.54,138.52,136.37,138.09,193066
10/6/2022 16:00:00,136.35,137.12,136.01,136.17,246216
10/7/2022 16:00:00,136.33,136.84,135.21,135.85,292348
10/10/2022 16:00:00,135.76,135.76,134.26,134.86,294220
10/11/2022 16:00:00,134.12,136.85,134.12,135.06,282391
10/12/2022 16:00:00,135.55,136.31,135,135,214891
10/13/2022 16:00:00,133.27,136.8,132.5,136.38,294000
10/14/2022 16:00:00,136.4,136.4,134.04,134.11,303559
10/17/2022 16:00:00,135.85,136.8,135.85,136.16,206511
10/18/2022 16:00:00,135.26,135.31,133.22,134.26,350584
10/19/2022 16:00:00,133.58,133.89,132.09,132.97,176115
10/20/2022 16:00:00,133.64,134.8,132.8,133.24,172043
10/21/2022 16:00:00,131.69,133.92,131.34,133.76,313624
10/24/2022 16:00:00,133.63,135.1,133.14,134.74,188352
10/25/2022 16:00:00,135.88,137.91,135.78,137.07,193083
10/26/2022 16:00:00,136.89,138.89,136.83,137.93,185610
10/27/2022 16:00:00,137.05,137.75,136.39,136.47,194513
10/28/2022 16:00:00,137.68,139.79,137.55,139.52,207836
10/31/2022 16:00:00,138.58,139.32,137.57,138.81,216768
11/1/2022 16:00:00,138,138,134.47,135.16,251053
11/2/2022 16:00:00,136.65,138.2,135.25,135.39,215943
11/3/2022 16:00:00,135.19,136.28,134.23,135.25,212274
11/4/2022 16:00:00,136,137.68,135.6,137.35,209994
11/7/2022 16:00:00,136.83,137.53,135.9,137.26,216496
11/8/2022 16:00:00,137.36,138.65,136.65,137.5,183951
11/9/2022 16:00:00,136,136.1,134.1,134.53,194951
11/10/2022 16:00:00,137.59,140.57,137.56,140.52,211315
11/11/2022 16:00:00,142.17,143.46,141.51,143.26,144386
11/14/2022 16:00:00,142.28,143.4,141.69,142.12,191554
11/15/2022 16:00:00,144.68,144.97,142.93,143.75,183438
11/16/2022 16:00:00,143.15,143.24,141.82,142.12,122266
11/17/2022 16:00:00,141.21,142.96,141.1,142.93,129795
11/18/2022 16:00:00,143.08,143.51,142.63,143.19,130314
11/21/2022 16:00:00,142.78,142.93,141.95,142.16,161228
11/22/2022 16:00:00,144.63,145.5,144.3,145.33,179876
11/23/2022 16:00:00,146.06,146.71,145.25,146.71,198875
11/25/2022 13:00:00,147,148.65,146.94,148.27,95589
11/28/2022 16:00:00,146.84,147.7,146.32,146.51,140926
11/29/2022 16:00:00,145.26,146.18,144.87,145.4,170270
11/30/2022 16:00:00,145.44,147.87,144.85,147.69,171526
12/1/2022 16:00:00,147.22,148.24,146.58,147.66,199536
12/2/2022 16:00:00,145.56,146.61,144.99,146.53,164940
12/5/2022 16:00:00,144.76,144.8,142.65,143.19,223634
12/6/2022 16:00:00,142.88,142.88,140.2,141.09,242564
12/7/2022 16:00:00,141.75,143.03,141.35,141.86,208218
12/8/2022 16:00:00,142,142.38,141.62,142.28,141031
12/9/2022 16:00:00,142.49,144.21,142.49,143.34,127868
12/12/2022 16:00:00,143.62,144.21,142.75,144.12,130768
12/13/2022 16:00:00,146.84,147.34,144.33,144.5,167119
12/14/2022 16:00:00,146.01,146.37,143.8,144.65,170415
12/15/2022 16:00:00,143.22,143.82,141.06,141.66,151775
12/16/2022 16:00:00,140.28,141.51,140.04,140.43,170211
12/19/2022 16:00:00,140,140.8,138.86,139.61,191516
12/20/2022 16:00:00,138.89,140.24,138.77,138.83,178322
12/21/2022 16:00:00,137.11,137.81,136.69,137.46,238728
12/22/2022 16:00:00,138.28,138.43,135.88,137,211641
12/23/2022 16:00:00,137.04,137.76,136.19,137.14,149383
12/27/2022 16:00:00,136.12,136.97,135.84,136.16,137626
12/28/2022 16:00:00,136,136.77,133.9,134.13,236940
12/29/2022 16:00:00,135.94,137.49,135.91,137.41,249482
12/30/2022 16:00:00,136.88,137.4,136,136.58,168810
1/3/2023 16:00:00,137.96,138.47,137.02,138.28,309833
1/4/2023 16:00:00,138.21,138.4,136.65,137.19,467099
1/5/2023 16:00:00,135.72,136.24,134.67,135.52,178407
1/6/2023 16:00:00,136.14,139.54,135.91,138.97,164944
1/9/2023 16:00:00,139.31,141.66,139.24,139.94,230147
1/10/2023 16:00:00,139,139.35,138.17,139.14,231090
1/11/2023 16:00:00,139.67,139.67,138.63,138.85,251041
1/12/2023 16:00:00,142.26,142.74,140.71,142.36,242907
1/13/2023 16:00:00,140.42,140.98,139.52,140.3,291571
1/17/2023 16:00:00,144.65,145.72,144.27,144.77,383737
1/18/2023 16:00:00,148,148.1,145.07,145.51,305423
1/19/2023 16:00:00,144.88,145.1,143.62,144.18,245010
1/20/2023 16:00:00,144.92,146.32,144.5,146.11,269628
1/23/2023 16:00:00,145.77,146.59,145.12,146.03,231276
1/24/2023 16:00:00,150.4,150.4,145,146.01,143624
1/25/2023 16:00:00,145.98,146.47,145.21,146.15,244991
1/26/2023 16:00:00,145.52,146.19,144.41,145.47,137064
1/27/2023 16:00:00,146,147.73,145.74,147.16,171755
1/30/2023 16:00:00,146,146.29,145.09,145.18,182444
1/31/2023 16:00:00,146.3,147.11,145.88,147.11,145793
2/1/2023 16:00:00,146.58,149.01,146.58,148.58,213278
2/2/2023 16:00:00,147,147.36,144.61,146.62,299387
2/3/2023 16:00:00,145.62,146.41,144.45,144.71,248148
2/6/2023 16:00:00,144,144.4,142.97,143.79,172256
2/7/2023 16:00:00,143.52,144.97,143.06,144.64,166906
2/8/2023 16:00:00,144,144.64,143.31,143.83,192417
2/9/2023 16:00:00,146.36,147.49,144.69,144.83,334021
2/10/2023 16:00:00,143.67,143.98,142.51,143.42,230079
2/13/2023 16:00:00,142.95,143.91,142.56,143.86,197563
2/14/2023 16:00:00,142.8,143.12,141.55,142.65,230362
2/15/2023 16:00:00,140.41,140.98,140.06,140.97,388162
2/16/2023 16:00:00,141.4,143.66,141.32,142.7,303213
2/17/2023 16:00:00,142.08,143.05,141.82,142.85,145824
2/21/2023 16:00:00,140.16,140.58,138.73,139.18,324198
2/22/2023 16:00:00,138.7,139.28,138.29,138.65,178184
2/23/2023 16:00:00,139.03,139.49,138.15,138.95,198137
2/24/2023 16:00:00,137.2,137.2,135.48,136.05,218761
2/27/2023 16:00:00,137,137.14,135.96,136.25,192172
2/28/2023 16:00:00,136.11,136.59,135.88,135.92,212431
3/1/2023 16:00:00,136.66,137.49,136.5,136.53,190977
3/2/2023 16:00:00,136.12,137.34,136.08,137.27,145103
3/3/2023 16:00:00,138.57,139.92,138.4,139.83,244899
3/6/2023 16:00:00,140.11,140.64,139.96,140.13,175499
3/7/2023 16:00:00,141.28,141.39,138.75,139.08,152653
3/8/2023 16:00:00,139.49,139.85,138.98,139.71,138775
3/9/2023 16:00:00,140.18,140.68,138.26,138.52,166038
3/10/2023 16:00:00,139.2,139.34,137.45,137.97,343707
3/13/2023 16:00:00,136.41,137.76,136.33,137.12,247464
3/14/2023 16:00:00,136.41,136.76,135.56,136.67,221764
3/15/2023 16:00:00,135,135,132.35,133.58,287778
3/16/2023 16:00:00,134.03,136.03,133.77,135.9,190288
3/17/2023 16:00:00,135.56,135.56,133.27,133.48,192507
3/20/2023 16:00:00,133.65,135.81,133.55,135.13,277076
3/21/2023 16:00:00,135.2,136.17,135,135.78,224464
3/22/2023 16:00:00,136.07,137.76,135.49,135.57,301666
3/23/2023 16:00:00,136.62,137.1,135.18,135.87,129597
3/24/2023 16:00:00,136.01,136.66,135.2,136.65,156200
3/27/2023 16:00:00,136.69,137.31,136.43,136.96,137295
3/28/2023 16:00:00,137.41,138.5,137.11,137.93,210743
3/29/2023 16:00:00,139.6,140.54,139.31,139.67,214334
3/30/2023 16:00:00,140,140.36,139.29,139.62,193492
3/31/2023 16:00:00,140.99,141.76,140.9,141.69,234989
4/3/2023 16:00:00,142,142.63,141.64,142.34,232881
4/4/2023 16:00:00,143.04,143.05,141.67,142.14,349165
4/5/2023 16:00:00,140.55,141.19,140.17,140.42,220561
4/6/2023 16:00:00,139.19,139.37,138.21,138.87,223991
4/10/2023 16:00:00,138.53,138.65,136.89,138.01,347672
4/11/2023 16:00:00,137.54,138.04,137.23,137.59,275989
4/12/2023 16:00:00,137.57,137.8,136.31,136.44,283257
4/13/2023 16:00:00,137.05,137.49,136.3,137.23,281747
4/14/2023 16:00:00,136.48,137.12,135.62,135.96,279098
4/17/2023 16:00:00,136.71,137.79,136.66,137.75,322204
4/18/2023 16:00:00,137.09,137.34,136.56,137.04,199207
4/19/2023 16:00:00,135.9,135.9,134.79,135.26,209675
4/20/2023 16:00:00,134,134.41,133.02,133.8,513204
4/21/2023 16:00:00,134.42,134.79,133.39,134.67,165873
4/24/2023 16:00:00,134.05,134.97,133.89,134.84,222488
4/25/2023 16:00:00,134.75,134.94,133.46,133.51,257244
4/26/2023 16:00:00,134.49,134.99,133.88,134.02,324009
4/27/2023 16:00:00,135.76,137.84,135.76,137.52,323572
4/28/2023 16:00:00,136.62,137.34,136.29,137.33,296604
5/1/2023 16:00:00,137.33,137.59,136.55,136.69,147358
5/2/2023 16:00:00,135.3,135.42,134.25,135.16,221727
5/3/2023 16:00:00,135.91,136.43,135.31,135.57,265960
5/4/2023 16:00:00,135.2,135.77,134.88,134.91,241877
5/5/2023 16:00:00,136.21,137.93,135.73,137.54,223904
5/8/2023 16:00:00,137.85,138.2,137.29,137.81,187648
5/9/2023 16:00:00,141.44,141.76,140.58,140.85,401254
5/10/2023 16:00:00,143.94,144.23,143.02,143.59,506704
5/11/2023 16:00:00,141.91,142.68,141.25,142.67,272488
5/12/2023 16:00:00,144.2,144.85,142.78,143.27,293093
5/15/2023 16:00:00,141.89,142.41,141.28,142.4,246196
5/16/2023 16:00:00,141.59,141.72,141,141.13,165822
5/17/2023 16:00:00,141.13,142.18,141.13,142.02,164690
5/18/2023 16:00:00,142.76,142.76,141.64,142.51,188971
5/19/2023 16:00:00,142.07,142.44,141.71,142.22,178410
5/22/2023 16:00:00,141.66,141.71,140.83,141.19,194453
5/23/2023 16:00:00,138.55,140.32,138.51,139.55,230016
5/24/2023 16:00:00,140.38,140.38,139.14,139.33,223533
5/25/2023 16:00:00,139.11,139.98,138.81,139.6,197471
5/26/2023 16:00:00,139.16,140.44,139.08,140.08,171735
5/30/2023 16:00:00,139.56,139.56,137.37,137.73,231758
5/31/2023 16:00:00,136.46,136.57,135.15,136.13,256880
6/1/2023 16:00:00,139.65,140.86,139.22,140.65,300123
6/2/2023 16:00:00,145,146.39,145,146,353614
6/5/2023 16:00:00,145.82,146.32,145.46,145.73,299172
6/6/2023 16:00:00,147,148.79,146.13,148.48,435150
6/7/2023 16:00:00,145.23,146.03,145.19,145.31,417932
6/8/2023 16:00:00,145.07,147,145.03,146.86,264153
6/9/2023 16:00:00,148,149.14,147.91,148.64,366654
6/12/2023 16:00:00,149.1,149.88,148.74,149.59,289818
6/13/2023 16:00:00,157.89,159.1,157.29,158.08,858242
6/14/2023 16:00:00,165.89,166.48,164.15,165.57,952777
6/15/2023 16:00:00,164.14,169.07,164,168.18,569443
6/16/2023 16:00:00,166.01,166.15,164.23,164.35,420682
6/20/2023 16:00:00,158.7,159,156.82,157.15,781256
6/21/2023 16:00:00,157,157.34,156.15,156.5,238628
6/22/2023 16:00:00,157.01,157.79,156.73,157.11,199543
6/23/2023 16:00:00,154,154.02,152.78,153.38,338643
6/26/2023 16:00:00,155.38,155.62,153.91,154.55,305381
6/27/2023 16:00:00,155.34,157.21,155.21,157.18,283095
6/28/2023 16:00:00,159.12,160.6,158.9,160.11,555211
6/29/2023 16:00:00,160.07,160.62,159.31,160.4,347698
6/30/2023 16:00:00,160.14,161.21,160,160.75,311456
7/3/2023 13:00:00,160.88,161.57,160.42,160.47,110185
7/5/2023 16:00:00,162.31,162.31,161.35,161.9,357767
7/6/2023 16:00:00,161.12,161.2,159.85,160.83,268331
7/7/2023 16:00:00,161.04,162.97,161.04,161.77,290156
7/10/2023 16:00:00,160,160.4,159.53,160.24,266623
7/11/2023 16:00:00,158.04,158.55,157.5,158.42,364928
7/12/2023 16:00:00,159.47,160.31,159.12,159.27,248296
7/13/2023 16:00:00,160.69,160.9,160.15,160.35,286441
7/14/2023 16:00:00,159.97,160,159.08,159.15,255270
7/17/2023 16:00:00,159.4,159.59,158.17,159.45,241321
7/18/2023 16:00:00,161.94,163.53,161.87,163.19,435614
7/19/2023 16:00:00,164.95,164.98,163.68,163.97,216805
7/20/2023 16:00:00,163.08,163.64,162.4,163.28,217934
7/21/2023 16:00:00,163.58,163.68,162.6,162.81,214376
7/24/2023 16:00:00,164.58,164.92,164.25,164.53,212105
7/25/2023 16:00:00,165,165.8,164.74,165.56,233353
7/26/2023 16:00:00,165.16,166.02,164.88,165.7,162291
7/27/2023 16:00:00,165.87,166.73,165.38,165.43,182305
7/28/2023 16:00:00,167.1,167.8,166.69,167.15,292281
7/31/2023 16:00:00,168,168.57,167.81,168.24,202470
8/1/2023 16:00:00,171.12,172.36,170.55,171.84,526501
8/2/2023 16:00:00,173.96,175.37,173.19,173.85,420678
8/3/2023 16:00:00,168.43,168.7,166.74,168.57,421951
8/4/2023 16:00:00,171.69,172.41,170.65,170.79,207252
8/7/2023 16:00:00,172.33,173.39,171.8,173.39,230641
8/8/2023 16:00:00,169.38,170.35,168.39,170.29,431692
8/9/2023 16:00:00,167.92,168.36,166.41,167.23,320124
8/10/2023 16:00:00,169.55,169.72,167.21,167.66,192556
8/11/2023 16:00:00,167.37,167.64,166.65,167.28,146780
8/14/2023 16:00:00,165.59,167.1,165.19,166.7,232488
8/15/2023 16:00:00,165.93,165.93,164.88,165.39,197394
8/16/2023 16:00:00,162.74,163.92,162,162.24,330797
8/17/2023 16:00:00,163.56,164.01,162.17,162.28,240684
8/18/2023 16:00:00,160.84,162.2,160.38,161.87,273958
8/21/2023 16:00:00,162.16,163.21,162,162.79,197102
8/22/2023 16:00:00,165.84,166.44,164.9,164.99,157698
8/23/2023 16:00:00,165.43,166.08,165.11,165.91,189814
8/24/2023 16:00:00,164.52,165.03,162.78,162.78,243443
8/25/2023 16:00:00,164.27,165.11,163.44,164.46,112034
8/28/2023 16:00:00,166.34,167.36,166.22,167.25,174849
8/29/2023 16:00:00,165.56,167.59,165.45,167.39,165034
8/30/2023 16:00:00,168.09,168.78,167.6,168.05,180175
8/31/2023 16:00:00,171.95,172.5,171.63,172.13,558637
9/1/2023 16:00:00,173.91,173.91,171.92,172.54,169860
9/5/2023 16:00:00,175.05,175.84,174.63,175.37,311675
9/6/2023 16:00:00,179.71,179.88,178.13,178.83,375763
9/7/2023 16:00:00,178.35,179.19,177.8,178.87,260724
9/8/2023 16:00:00,176.42,177.53,176.42,177.13,158884
9/11/2023 16:00:00,177.93,179.12,177.72,178.67,235857
9/12/2023 16:00:00,180.23,181.86,180,181.28,266943
9/13/2023 16:00:00,183.76,184.35,183.38,183.98,264428
9/14/2023 16:00:00,186.5,188.05,186.25,187.98,360496
9/15/2023 16:00:00,190.67,190.86,188.95,189.2,393678
9/18/2023 16:00:00,188.66,189.05,187.75,188.96,211431
9/19/2023 16:00:00,194.46,195.65,194.11,195.04,468898
9/20/2023 16:00:00,190.15,192.52,188.51,188.75,477876
9/21/2023 16:00:00,187.19,187.32,185.85,186.3,328309
9/22/2023 16:00:00,188.44,189.15,186.95,187.1,396526
9/25/2023 16:00:00,185,185.27,183.77,184.84,348607
9/26/2023 16:00:00,181.21,182.7,180.11,180.5,452076
9/27/2023 16:00:00,183.26,184.42,181.17,182.39,398664
9/28/2023 16:00:00,180.53,182.87,179.83,182.42,278111
9/29/2023 16:00:00,180.53,181.15,179.26,179.75,222248
10/2/2023 16:00:00,179.3,179.6,177.59,178.46,236188
10/3/2023 16:00:00,173.32,174.43,172.82,173.65,447504
10/4/2023 16:00:00,167.17,170.19,166.92,169.45,861687
10/5/2023 16:00:00,173.82,174.36,172.16,173.04,485941
10/6/2023 16:00:00,172.65,173.7,169.91,173.18,366164
10/9/2023 16:00:00,172.5,174.17,171.97,174.12,138150
10/10/2023 16:00:00,176.5,177.51,176,177.15,240518
10/11/2023 16:00:00,178.38,178.57,177,178.03,146753
10/12/2023 16:00:00,182.58,182.96,180.48,181.6,344070
10/13/2023 16:00:00,179.13,179.47,177.07,177.68,273535
10/16/2023 16:00:00,178.19,179.62,178.19,179.1,197738
10/17/2023 16:00:00,177.81,179.68,177.63,178.22,561420
10/18/2023 16:00:00,177.15,177.75,175.65,175.98,252231
10/19/2023 16:00:00,176.62,176.88,174.44,174.7,313166
10/20/2023 16:00:00,174.53,174.8,173.23,173.48,196784
10/23/2023 16:00:00,173.05,175.05,172.48,173.81,182015
10/24/2023 16:00:00,173.22,174.5,173.21,174.12,185279
10/25/2023 16:00:00,176.24,176.88,175.04,175.18,237919
10/26/2023 16:00:00,172.96,173.56,171.37,171.61,214943
10/27/2023 16:00:00,175.35,175.49,172.27,172.81,283328
10/30/2023 16:00:00,172.27,172.93,170.49,171.4,251991
10/31/2023 16:00:00,174.04,175.22,173.6,175.18,334476
11/1/2023 16:00:00,180.9,186.35,180.63,185.78,711051
11/2/2023 16:00:00,184.96,186.72,183.37,186.55,418876
11/3/2023 16:00:00,187.55,189.87,187.55,189.59,310701
11/6/2023 16:00:00,190.23,190.56,189.04,189.65,223565
11/7/2023 16:00:00,188.52,189.62,187.56,189.57,254149
11/8/2023 16:00:00,184.68,184.82,182.82,183.42,393868
11/9/2023 16:00:00,186.47,186.94,183.88,184.22,225155
11/10/2023 16:00:00,185.69,187.1,184.13,187,209108
11/13/2023 16:00:00,185.51,188,185.18,187.74,246510
11/14/2023 16:00:00,190.39,192.11,189.58,192.08,453426
11/15/2023 16:00:00,189,190.46,188.84,189.11,296628
11/16/2023 16:00:00,190.26,190.82,189.53,190.4,171685
11/17/2023 16:00:00,191.92,193.43,191.84,193.36,255574
11/20/2023 16:00:00,186.77,188.53,185.82,187.68,514669
11/21/2023 16:00:00,185.25,185.39,181.51,183.21,586591
11/22/2023 16:00:00,184.18,184.59,183.4,184.23,184644
11/24/2023 13:00:00,187.44,188.5,187.17,188.3,213978
11/27/2023 16:00:00,186.1,186.96,186.1,186.61,245394
11/28/2023 16:00:00,185.81,187.32,185.81,187.16,228422
11/29/2023 16:00:00,190.61,191.24,189.38,189.51,318741
11/30/2023 16:00:00,189.53,190,189.13,189.78,189607
12/1/2023 16:00:00,190.77,192.81,190.37,192.74,237563
12/4/2023 16:00:00,188.34,189.11,187.05,187.37,331210
12/5/2023 16:00:00,187.7,188.98,187.5,187.99,199598
12/6/2023 16:00:00,191.59,192.9,189.81,189.89,326687
12/7/2023 16:00:00,190.43,190.76,187.91,190.24,281391
12/8/2023 16:00:00,186.18,187.59,185.6,187.28,471299
12/11/2023 16:00:00,186.81,187.71,186.28,187.08,284610
12/12/2023 16:00:00,184.76,185.21,184.05,184.8,274262
12/13/2023 16:00:00,184.01,186.29,183.03,185.48,349549
12/14/2023 16:00:00,181.88,184.77,181.61,183.42,521533
12/15/2023 16:00:00,182.81,183.04,180.59,180.62,375458
12/18/2023 16:00:00,183.87,184.19,182.88,183.28,294933
12/19/2023 16:00:00,184.8,185.1,183.9,183.95,200959
12/20/2023 16:00:00,180.45,182.54,179.88,179.94,429368
12/21/2023 16:00:00,178.78,181.24,178.58,180.86,347241
12/22/2023 16:00:00,178.06,179.24,178,178.53,322893
12/26/2023 16:00:00,178.53,180.37,178.53,179.85,198694
12/27/2023 16:00:00,180.38,181.11,180.08,180.72,195476
12/28/2023 16:00:00,181.02,181.69,180.95,181.11,243007
12/29/2023 16:00:00,183.13,183.88,182.36,183.38,223223
1/2/2024 16:00:00,182.15,182.9,181.16,181.37,243719
1/3/2024 16:00:00,180.84,182.47,180.07,181.55,273541
1/4/2024 16:00:00,183.09,184.2,182.73,182.97,273146
1/5/2024 16:00:00,186,188.71,185.64,187.07,336123
1/8/2024 16:00:00,187.5,188.16,186.43,187.89,359430
1/9/2024 16:00:00,186.53,186.66,185.29,185.99,254737
1/10/2024 16:00:00,190,192.81,189.57,192.72,458140
1/11/2024 16:00:00,195.31,196.48,193.78,194.95,361838
1/12/2024 16:00:00,195.06,195.98,194.8,195.68,208173
1/16/2024 16:00:00,195.29,196.5,194.5,195.6,273722
1/17/2024 16:00:00,193.26,194.39,193.03,194.14,231949
1/18/2024 16:00:00,199.43,200.27,198.29,200.08,413120
1/19/2024 16:00:00,200.1,200.7,198.85,200.67,286660
1/22/2024 16:00:00,201.24,201.95,200.4,201.42,369643
1/23/2024 16:00:00,200.68,202,200.68,201.4,228993
1/24/2024 16:00:00,200.87,201.68,200.36,200.72,314546
1/25/2024 16:00:00,200.71,200.73,198.65,199.56,194737
1/26/2024 16:00:00,197.24,198.21,197.07,198.06,194254
1/29/2024 16:00:00,199.68,201.85,199.08,201.66,281141
1/30/2024 16:00:00,202.01,202.41,201.51,201.85,144323
1/31/2024 16:00:00,202.28,202.35,199.29,199.7,297990
2/1/2024 16:00:00,200.63,202.35,199.81,202.18,168690
2/2/2024 16:00:00,200.9,202.64,200.54,202.54,241242
2/5/2024 16:00:00,202.29,203.18,201.41,203.03,329664
2/6/2024 16:00:00,211.87,221.77,211.82,218.86,1143150
2/7/2024 16:00:00,222.34,224.02,220.86,223.05,492662
2/8/2024 16:00:00,225.32,226.4,223.83,226.31,322983
2/9/2024 16:00:00,223.82,225.14,223.75,224.46,239094
2/12/2024 16:00:00,223.82,226.87,223.56,225.86,246285
2/13/2024 16:00:00,227.59,232.56,227.3,231,733380
2/14/2024 16:00:00,226,227.16,224.48,227.03,324767
2/15/2024 16:00:00,226.14,228.64,226.14,228.54,239020
2/16/2024 16:00:00,227.83,228.54,226.63,227.36,241975
2/20/2024 16:00:00,227.78,228.46,225.58,226.77,298512
2/21/2024 16:00:00,227.22,227.66,225.8,227.09,430588
2/22/2024 16:00:00,234.17,235.15,233.01,234.45,461290
2/23/2024 16:00:00,235,235.76,234.34,235,279172
2/26/2024 16:00:00,237.59,238.78,236.54,238.13,332869
2/27/2024 16:00:00,238.19,238.84,236.59,238.04,301015
2/28/2024 16:00:00,237.93,238.19,237,237.29,168896
2/29/2024 16:00:00,240.92,241.66,239.65,240.55,257110
3/1/2024 16:00:00,244.66,246.54,244.56,246.04,338591
3/4/2024 16:00:00,244.19,244.79,243.24,243.84,281458
3/5/2024 16:00:00,247.71,249.99,246.81,248.19,314115
3/6/2024 16:00:00,252.15,253.43,250.93,252.4,331252
3/7/2024 16:00:00,246.93,248.05,245.7,247.94,359812
3/8/2024 16:00:00,245,245.8,242.58,242.82,379629
3/11/2024 16:00:00,237.41,237.41,235.17,235.46,380025
3/12/2024 16:00:00,236.81,238.44,235.45,237.95,243114
3/13/2024 16:00:00,233.41,233.54,231.37,232.83,298261
3/14/2024 16:00:00,233.36,233.36,230.36,230.97,224891
3/15/2024 16:00:00,234.91,235.12,233.54,234.62,179136
3/18/2024 16:00:00,237.58,238.83,237.28,238.66,194198
3/19/2024 16:00:00,242.68,245.09,242.41,244.32,347608
3/20/2024 16:00:00,244.68,246.8,244.31,246.72,214883
3/21/2024 16:00:00,251.45,251.79,250.26,251.48,245505
3/22/2024 16:00:00,255,255.23,253.59,254.77,285516
3/25/2024 16:00:00,252.11,253.42,251.04,252.41,196883
3/26/2024 16:00:00,253.89,254.79,253.39,253.72,214946
3/27/2024 16:00:00,253.7,254.2,250.33,252.15,242749
3/28/2024 16:00:00,251.14,252.85,251.14,251.68,124952
4/1/2024 16:00:00,242.85,242.86,240.22,242.15,527985
4/2/2024 16:00:00,239,240.24,237.96,239.89,296550
4/3/2024 16:00:00,239.5,242.45,239.5,241.78,307482
4/4/2024 16:00:00,243.2,243.67,239.02,239.16,196284
4/5/2024 16:00:00,239,241.83,238.58,240.74,191129
4/8/2024 16:00:00,243.4,245.84,243.33,244.21,218942
4/9/2024 16:00:00,247.86,248.47,245.68,246.93,232598
4/10/2024 16:00:00,246,246.12,243.86,244.79,214693
4/11/2024 16:00:00,246.5,247.15,244.47,246.99,172561
4/12/2024 16:00:00,245.01,245.27,242.63,242.97,207683
4/15/2024 16:00:00,245.71,246.07,241.33,241.67,158402
4/16/2024 16:00:00,236.29,237.37,234.64,236.52,306118
4/17/2024 16:00:00,234.59,235.29,233.01,233.97,306805
4/18/2024 16:00:00,233.73,234.11,231.7,231.84,220216
4/19/2024 16:00:00,229.5,229.79,227.38,228.72,425857
4/22/2024 16:00:00,228.18,231.15,227.88,230.3,448187
4/23/2024 16:00:00,228.1,230.64,227.82,230.41,361978
4/24/2024 16:00:00,232.85,233.99,231.83,232.88,273446
4/25/2024 16:00:00,223,225.49,222.39,225.36,319153
4/26/2024 16:00:00,225,226.98,224.57,226.71,242281
4/29/2024 16:00:00,228,228.45,227.18,227.94,228266
4/30/2024 16:00:00,229.94,229.94,227,227.31,334235
5/1/2024 16:00:00,228.31,228.84,226.56,226.83,264613
5/2/2024 16:00:00,230.3,231.41,229.37,230.8,228134
5/3/2024 16:00:00,232.06,233.35,231.36,232.87,165241
5/6/2024 16:00:00,233.62,235.68,233.57,235.6,208217
5/7/2024 16:00:00,233.28,233.28,230.91,231.26,248944
5/8/2024 16:00:00,231.12,232.43,227,231.78,371657
5/9/2024 16:00:00,227.51,228.03,226.73,227.24,329111
5/10/2024 16:00:00,220.93,221.06,218.14,218.78,563937
5/13/2024 16:00:00,217.1,217.13,215.3,215.64,466171
5/14/2024 16:00:00,216.5,217.61,216.21,217.12,268659
5/15/2024 16:00:00,218.9,219.94,218.3,219.55,280881
5/16/2024 16:00:00,216.84,217.04,215.6,215.63,296807
5/17/2024 16:00:00,219.93,220.42,219.09,219.76,265728
5/20/2024 16:00:00,220.31,221.09,219.9,220.5,175501
5/21/2024 16:00:00,219.8,220.44,219.19,219.36,145591
5/22/2024 16:00:00,217.47,217.61,216.28,216.63,166513
5/23/2024 16:00:00,218.09,218.09,214.31,214.72,260814
5/24/2024 16:00:00,216.1,217.02,215.95,216.84,134402
5/28/2024 16:00:00,219,219.53,217.41,218.72,262299
5/29/2024 16:00:00,215.37,215.37,213.74,213.95,191322
5/30/2024 16:00:00,213.52,214.91,213.29,214.17,279024
5/31/2024 16:00:00,216.89,217.51,215.54,217.51,254072
6/3/2024 16:00:00,212.29,213.54,211.18,212.17,351367
6/4/2024 16:00:00,211,211.34,210.04,210.38,224059
6/5/2024 16:00:00,208,208.57,206.29,208.33,338451
6/6/2024 16:00:00,209.59,210.94,209.28,210.04,245992
6/7/2024 16:00:00,206.5,207.7,206.2,206.36,537570
6/10/2024 16:00:00,207.5,208.61,207.28,208.02,268951
6/11/2024 16:00:00,206.5,207,204.5,205.31,250363
6/12/2024 16:00:00,207.52,207.52,205.58,205.65,245222
6/13/2024 16:00:00,200.25,200.38,198.18,199.35,528034
6/14/2024 16:00:00,196.5,197.79,195.42,197.13,483308
6/17/2024 16:00:00,193.2,195.67,193.2,195.2,453614
6/18/2024 16:00:00,193.89,194.73,193.45,194.14,347816
6/20/2024 16:00:00,194,194.74,193.31,194.54,234568
6/21/2024 16:00:00,193.7,194.2,193.38,193.58,284460
6/24/2024 16:00:00,197.5,199.43,197.27,198.98,375613
6/25/2024 16:00:00,205.5,206.61,205.13,206.22,517908
6/26/2024 16:00:00,203.55,204.22,202.38,203.18,306116
6/27/2024 16:00:00,203.4,204.94,203.34,203.88,284050
6/28/2024 16:00:00,205.07,206.27,204.41,204.97,273852
7/1/2024 16:00:00,204.8,205.13,203.21,203.71,267469
7/2/2024 16:00:00,205,206.21,204.75,206.21,259313
7/3/2024 13:00:00,205.87,206.31,205.17,206.25,212267
7/5/2024 16:00:00,206.29,206.55,205.09,206.45,190511
7/8/2024 16:00:00,204.72,205.67,204.3,204.94,200506
7/9/2024 16:00:00,203,203.19,201.67,201.67,230713
7/10/2024 16:00:00,204.63,206.18,203.78,205.88,209204
7/11/2024 16:00:00,205.31,205.65,203.73,203.73,246343
7/12/2024 16:00:00,206.53,208.86,206.03,207.59,218220
7/15/2024 16:00:00,208.18,208.21,206.76,206.91,207913
7/16/2024 16:00:00,206.23,206.81,205.68,206.6,206038
7/17/2024 16:00:00,204.73,205.15,203.31,204.39,266398
7/18/2024 16:00:00,201.93,202.22,199.54,199.85,292917
7/19/2024 16:00:00,199.28,199.28,197.03,197.15,236379
7/22/2024 16:00:00,198.7,200.15,198.12,200.14,315548
7/23/2024 16:00:00,200.18,201.33,200.03,200.79,283874
7/24/2024 16:00:00,199.79,199.79,197.08,197.2,211404
7/25/2024 16:00:00,197.43,197.43,193.73,195.25,212333
7/26/2024 16:00:00,190.74,192.84,190.51,192.52,317184
7/29/2024 16:00:00,193,193.2,191.81,192.48,205888
7/30/2024 16:00:00,194.96,195.48,192.27,193.11,284277
7/31/2024 16:00:00,194.18,194.89,192.9,193.55,372318
8/1/2024 16:00:00,181.57,184.68,178.57,179.07,820909
8/2/2024 16:00:00,173.72,173.89,171.5,173.02,674170
8/5/2024 16:00:00,160.89,170.95,159.04,168.35,1023943
8/6/2024 16:00:00,169.91,170.5,167.59,169.6,489778
8/7/2024 16:00:00,171.61,172.6,167.06,167.18,444632
8/8/2024 16:00:00,169.17,170.1,167.6,169.37,255002
8/9/2024 16:00:00,167.49,169.48,166.75,168.59,274487
8/12/2024 16:00:00,169,169.57,167.56,167.97,296537
8/13/2024 16:00:00,171.05,172.66,170.77,172.39,429098
8/14/2024 16:00:00,176.99,178.01,175.94,177.01,350406
8/15/2024 16:00:00,181.93,182.32,180.77,181.79,693483
8/16/2024 16:00:00,182.24,183.26,182,182.67,337340
8/19/2024 16:00:00,183.52,183.8,182.72,183.7,242684
8/20/2024 16:00:00,182.86,183.63,181.11,181.34,180405
8/21/2024 16:00:00,184.16,184.38,182.8,183.62,298350
8/22/2024 16:00:00,183.37,183.71,181.31,181.5,179895
8/23/2024 16:00:00,184.09,186,183.5,185.09,241860
8/26/2024 16:00:00,180.73,181.83,180.39,180.57,337565
8/27/2024 16:00:00,185.36,186.35,185.25,185.75,657287
8/28/2024 16:00:00,189.6,190.23,187.14,187.67,366430
8/29/2024 16:00:00,188.11,189.15,187.35,187.77,215603
8/30/2024 16:00:00,190,190.65,188.4,189.8,240715
9/3/2024 16:00:00,187.8,189.7,185.6,186.15,329844
9/4/2024 16:00:00,183.92,185.94,183.62,184.71,218261
9/5/2024 16:00:00,182.79,183.41,181.77,182.8,224551
9/6/2024 16:00:00,181.19,181.55,176.89,177.18,288730
9/9/2024 16:00:00,175.6,177.09,174.58,176.08,408351
9/10/2024 16:00:00,174.73,175.79,171.6,174.18,479244
9/11/2024 16:00:00,172.39,174.85,170.51,174.69,415192
9/12/2024 16:00:00,175.56,177.2,174.31,176.18,267808
9/13/2024 16:00:00,174.99,176.18,174.86,175.39,217804
9/16/2024 16:00:00,175.71,176.61,175.07,176.23,274319
9/17/2024 16:00:00,172.38,174.59,171.32,173.15,502580
9/18/2024 16:00:00,175.66,178.52,175.66,176.71,563819
9/19/2024 16:00:00,184.29,184.68,183,183.47,494500
9/20/2024 16:00:00,184.58,184.92,182.54,184.07,534072
9/23/2024 16:00:00,184.75,185.81,184.13,185.4,357927
9/24/2024 16:00:00,183.11,184.87,183.11,183.53,284990
9/25/2024 16:00:00,184.01,184.84,183.5,184.16,213818
9/26/2024 16:00:00,188.55,190.44,188.47,189.36,449748
9/27/2024 16:00:00,184.37,185.19,181.7,182.82,575172
9/30/2024 16:00:00,179.82,179.82,177.37,178.57,458900
10/1/2024 16:00:00,179.98,179.98,176.87,178.06,391166
10/2/2024 16:00:00,179,180.61,178.55,180.5,295144
10/3/2024 16:00:00,176.92,176.92,175.39,176.17,394835
10/4/2024 16:00:00,178.3,180.51,177.96,180.02,309545
10/7/2024 16:00:00,177.79,178.22,176.86,177.32,228881
10/8/2024 16:00:00,175.73,176.99,174.65,175.76,326089
10/9/2024 16:00:00,172.88,174.36,171.8,173.99,416309
10/10/2024 16:00:00,172.84,174.58,172.76,174.35,241574
10/11/2024 16:00:00,172.06,174.52,171.8,174.06,344600
10/14/2024 16:00:00,174.22,175.39,174.08,175.1,316342
10/15/2024 16:00:00,174.22,175.39,174.08,175.1,15433
10/16/2024 16:00:00,170.76,171.8,170.51,171.5,508130
10/17/2024 16:00:00,172.48,172.77,171.1,171.2,516184
10/18/2024 16:00:00,171.7,171.93,170.69,171.53,400413
10/21/2024 16:00:00,170.1,170.26,168.66,169.17,420176
10/22/2024 16:00:00,169.58,170.3,169.29,169.93,393126
10/23/2024 16:00:00,172,172.36,170.33,171.33,398124
10/24/2024 16:00:00,170.37,171.4,169.3,170.43,288576
10/25/2024 16:00:00,171.9,173,171.59,172,273877
10/28/2024 16:00:00,175.7,176.88,175.31,176.63,457277
10/30/2024 16:00:00,176.25,176.33,175.2,175.21,222769
10/31/2024 16:00:00,174.64,174.64,172.2,173.02,235011
11/1/2024 16:00:00,172.68,173.69,172.27,172.83,234233
11/4/2024 16:00:00,173,173.89,172.29,172.7,253412
11/5/2024 16:00:00,173.01,174.81,172.64,174.73,353403
11/6/2024 16:00:00,175.25,176,172.02,175.15,633028
11/7/2024 16:00:00,179,179.68,177.26,178.45,638020
11/8/2024 16:00:00,174.35,174.54,171.8,172.03,504146
11/11/2024 16:00:00,172.5,174.8,172.48,174.1,310349
11/12/2024 16:00:00,175.84,176.72,173.86,174.99,324742
11/13/2024 16:00:00,172.31,172.92,171.29,172.35,268587
11/14/2024 16:00:00,173.27,174.64,173.01,173.48,424919
11/15/2024 16:00:00,173.23,173.55,171.78,172.84,282329
11/18/2024 16:00:00,173,175.82,172.84,174.78,289389
11/19/2024 16:00:00,175.2,176.09,175,175.39,254581
11/20/2024 16:00:00,173.77,174.21,171.77,172.91,295507
11/21/2024 16:00:00,173.05,174.26,172.98,173.38,314749
11/22/2024 16:00:00,172.75,174.78,172.64,174.4,369057
11/25/2024 16:00:00,175.87,176.56,175.17,175.83,347925
11/26/2024 16:00:00,173.2,173.43,172.31,172.52,410685
11/27/2024 16:00:00,170.08,170.35,169.12,169.72,478541
11/29/2024 13:00:00,169.88,170.63,169.42,170.63,247724
12/2/2024 16:00:00,173.35,176.14,173.16,175.81,634891
12/3/2024 16:00:00,176.7,176.76,175.57,176,412181
12/4/2024 16:00:00,176.25,176.25,174.25,174.78,400545
12/5/2024 16:00:00,175.58,176.15,174.4,174.4,405527
12/6/2024 16:00:00,175.86,176.24,175.29,175.95,290724
12/9/2024 16:00:00,176.35,178.6,176.21,177.01,375985
12/10/2024 16:00:00,177.01,177.35,175.34,175.71,237127
12/11/2024 16:00:00,177.3,178.44,176.48,178.15,290341
12/12/2024 16:00:00,177.94,178.59,176.82,176.9,214096
12/13/2024 16:00:00,176.17,176.27,175.05,175.86,226009
12/16/2024 16:00:00,174.57,174.97,173.85,174.25,327358
12/17/2024 16:00:00,174,174.63,173.28,173.28,420959
12/18/2024 16:00:00,177.33,179.37,173.55,173.62,457921
12/19/2024 16:00:00,174.86,175.8,173.77,174.21,405896
12/20/2024 16:00:00,175.84,179.92,175.84,178.17,425694
12/23/2024 16:00:00,179.12,180.62,177.97,180.45,422688
12/24/2024 13:00:00,181,181.72,180.83,181.43,168580
12/26/2024 16:00:00,195.97,198,193.13,197.36,1297220
12/27/2024 16:00:00,200.36,201,198.18,199.52,779542
12/30/2024 16:00:00,198,198,195.61,195.66,463609
12/31/2024 16:00:00,195.35,196.57,193.94,194.61,442617
1/2/2025 16:00:00,194.4,194.8,192,193.12,615743
1/3/2025 16:00:00,194.19,195.5,193.23,195.25,611381
1/6/2025 16:00:00,193,193.27,189.84,190.39,664416
1/7/2025 16:00:00,194.59,194.97,192.42,193.12,585541
1/8/2025 16:00:00,192.96,193.02,191.52,192.55,436715
1/10/2025 16:00:00,185.69,186.35,183.43,183.47,473091
1/13/2025 16:00:00,182.24,183.5,181.48,183.25,310719
1/14/2025 16:00:00,185.56,185.94,184.58,185.41,326349
1/15/2025 16:00:00,186.28,186.64,183.99,184.84,416639
1/16/2025 16:00:00,181.52,182.35,181.25,181.48,422396
1/17/2025 16:00:00,180.26,181.39,179.72,180.78,432102
1/21/2025 16:00:00,184.97,186.93,184.46,186.93,330436
1/22/2025 16:00:00,187,187.5,186.4,186.52,247825
1/23/2025 16:00:00,186.01,186.7,185.05,186.27,237653
1/24/2025 16:00:00,185.98,187.46,185.4,186.61,278913
1/27/2025 16:00:00,186.83,187.06,185.82,186.5,308124
1/28/2025 16:00:00,186.15,186.4,184.15,185.29,382635
1/29/2025 16:00:00,187.62,188.04,186.48,186.98,258228
1/30/2025 16:00:00,190.94,191.72,189.77,190.97,410142
1/31/2025 16:00:00,191.5,191.84,188.29,188.93,420262
2/3/2025 16:00:00,182.62,185.86,181.14,183.65,477917
2/4/2025 16:00:00,186.57,187.56,185.81,187.56,408392
2/5/2025 16:00:00,194.14,196.62,192.4,195.35,585960
2/6/2025 16:00:00,191.25,191.6,189.66,190.5,364086
2/7/2025 16:00:00,187.14,187.7,183.32,183.98,478652
2/10/2025 16:00:00,185.96,186.37,184.78,185.06,172562
2/11/2025 16:00:00,184.18,186.26,184.18,185.74,237289
2/12/2025 16:00:00,181.95,183.52,181.53,182.69,269081
2/13/2025 16:00:00,183.85,185.15,183.46,184.01,237842
2/14/2025 16:00:00,185,185.74,183.46,184.24,231510
2/18/2025 16:00:00,184.72,184.72,183.72,184.07,206935
2/19/2025 16:00:00,181.3,181.31,179.6,180.1,347921
2/20/2025 16:00:00,180.5,180.79,179.38,180.68,176157
2/21/2025 16:00:00,180.17,180.17,176.94,177.11,639145